,col1,col2,col3,col4
0,2401,Borderlands,Positive,hello im get borderland murder
1,2401,Borderlands,Positive,come border kill
2,2401,Borderlands,Positive,im get borderland kill
3,2401,Borderlands,Positive,im come borderland murder
4,2401,Borderlands,Positive,im get borderland 2 murder
5,2401,Borderlands,Positive,im get borderland murder
6,2402,Borderlands,Positive,spent hour make someth fun dont know huge borderland fan maya one favorit charact decid make wallpap pc origin imag versu creation made enjoy pictwittercommlsi5wf9jg
7,2402,Borderlands,Positive,spent coupl hour someth fun dont know im huge borderland fan maya one favorit charact decid make wallpap pc here origin pictur compar creation made fun pictwittercom mlsi5wf9jg
8,2402,Borderlands,Positive,spent hour someth fun dont know im huge borderland fan maya one favorit charact
9,2402,Borderlands,Positive,spent hour make someth fun dont know huge rhandlerr fan maya one favorit charact decid make wallpap pc origin imag versu creation made enjoy pictwittercommlsi5wf9jg
